course_ID,short_name,long_name,status,blueprint_course_id
173,Art: Grade 1-54012Z0-Sharp-PeriodArt,Art: Grade 1-54012Z0-Sharp-PeriodArt,active,
173,Art: Grade 1-54012Z0-Sharp-PeriodArt,Art: Grade 1-54012Z0-Sharp-PeriodArt,active,
174,Art: Grade 1-54012Z0-Sharp-PeriodArt,Art: Grade 1-54012Z0-Sharp-PeriodArt,active,
174,Art: Grade 1-54012Z0-Sharp-PeriodArt,Art: Grade 1-54012Z0-Sharp-PeriodArt,active,
330,Art: Grade 1-54012Z0-Sharp-PeriodArt,Art: Grade 1-54012Z0-Sharp-PeriodArt,active,
330,Art: Grade 1-54012Z0-Sharp-PeriodArt,Art: Grade 1-54012Z0-Sharp-PeriodArt,active,
175,Art: Grade 2-54022Z0-Sharp-PeriodArt,Art: Grade 2-54022Z0-Sharp-PeriodArt,active,
175,Art: Grade 2-54022Z0-Sharp-PeriodArt,Art: Grade 2-54022Z0-Sharp-PeriodArt,active,
274,Art: Grade 2-54022Z0-Sharp-PeriodArt,Art: Grade 2-54022Z0-Sharp-PeriodArt,active,
274,Art: Grade 2-54022Z0-Sharp-PeriodArt,Art: Grade 2-54022Z0-Sharp-PeriodArt,active,
176,Art: Grade 3-54032Z0-Sharp-PeriodArt,Art: Grade 3-54032Z0-Sharp-PeriodArt,active,
176,Art: Grade 3-54032Z0-Sharp-PeriodArt,Art: Grade 3-54032Z0-Sharp-PeriodArt,active,
177,Art: Grade 3-54032Z0-Sharp-PeriodArt,Art: Grade 3-54032Z0-Sharp-PeriodArt,active,
177,Art: Grade 3-54032Z0-Sharp-PeriodArt,Art: Grade 3-54032Z0-Sharp-PeriodArt,active,
178,Art: Grade 4-54042Z0-Sharp-PeriodArt,Art: Grade 4-54042Z0-Sharp-PeriodArt,active,
178,Art: Grade 4-54042Z0-Sharp-PeriodArt,Art: Grade 4-54042Z0-Sharp-PeriodArt,active,
179,Art: Grade 4-54042Z0-Sharp-PeriodArt,Art: Grade 4-54042Z0-Sharp-PeriodArt,active,
179,Art: Grade 4-54042Z0-Sharp-PeriodArt,Art: Grade 4-54042Z0-Sharp-PeriodArt,active,
328,Art: Grade 4-54042Z0-Sharp-PeriodArt,Art: Grade 4-54042Z0-Sharp-PeriodArt,active,
328,Art: Grade 4-54042Z0-Sharp-PeriodArt,Art: Grade 4-54042Z0-Sharp-PeriodArt,active,
180,Art: Grade 5-54052Z0-Sharp-PeriodArt,Art: Grade 5-54052Z0-Sharp-PeriodArt,active,
180,Art: Grade 5-54052Z0-Sharp-PeriodArt,Art: Grade 5-54052Z0-Sharp-PeriodArt,active,
281,Art: Grade 5-54052Z0-Sharp-PeriodArt,Art: Grade 5-54052Z0-Sharp-PeriodArt,active,
281,Art: Grade 5-54052Z0-Sharp-PeriodArt,Art: Grade 5-54052Z0-Sharp-PeriodArt,active,
322,Art: Grade 5-54052Z0-Sharp-PeriodArt,Art: Grade 5-54052Z0-Sharp-PeriodArt,active,
322,Art: Grade 5-54052Z0-Sharp-PeriodArt,Art: Grade 5-54052Z0-Sharp-PeriodArt,active,
181,Art: Grade 6-54062Y0-Sharp-PeriodArt,Art: Grade 6-54062Y0-Sharp-PeriodArt,active,
181,Art: Grade 6-54062Y0-Sharp-PeriodArt,Art: Grade 6-54062Y0-Sharp-PeriodArt,active,
262,Art: Grade 7-54072Y0-Sharp-PeriodArt,Art: Grade 7-54072Y0-Sharp-PeriodArt,active,
262,Art: Grade 7-54072Y0-Sharp-PeriodArt,Art: Grade 7-54072Y0-Sharp-PeriodArt,active,
286,Art: Grade 7-54072Y0-Sharp-PeriodArt,Art: Grade 7-54072Y0-Sharp-PeriodArt,active,
286,Art: Grade 7-54072Y0-Sharp-PeriodArt,Art: Grade 7-54072Y0-Sharp-PeriodArt,active,
291,Art: Grade 8-54082Y0-Sharp-PeriodArt,Art: Grade 8-54082Y0-Sharp-PeriodArt,active,
291,Art: Grade 8-54082Y0-Sharp-PeriodArt,Art: Grade 8-54082Y0-Sharp-PeriodArt,active,
171,Art: Kindergarten-54002Z0-Sharp-PeriodArt,Art: Kindergarten-54002Z0-Sharp-PeriodArt,active,
171,Art: Kindergarten-54002Z0-Sharp-PeriodArt,Art: Kindergarten-54002Z0-Sharp-PeriodArt,active,
172,Art: Kindergarten-54002Z0-Sharp-PeriodArt,Art: Kindergarten-54002Z0-Sharp-PeriodArt,active,
172,Art: Kindergarten-54002Z0-Sharp-PeriodArt,Art: Kindergarten-54002Z0-Sharp-PeriodArt,active,
498,Art: Kindergarten-54002Z0-Sharp-PeriodArt,Art: Kindergarten-54002Z0-Sharp-PeriodArt,active,
498,Art: Kindergarten-54002Z0-Sharp-PeriodArt,Art: Kindergarten-54002Z0-Sharp-PeriodArt,active,
185,ELA: Grade 1-10512Z0-Campbell-PeriodELA,ELA: Grade 1-10512Z0-Campbell-PeriodELA,active,
185,ELA: Grade 1-10512Z0-Campbell-PeriodELA,ELA: Grade 1-10512Z0-Campbell-PeriodELA,active,
185,ELA: Grade 1-10512Z0-Foxe-PeriodELA,ELA: Grade 1-10512Z0-Foxe-PeriodELA,active,
185,ELA: Grade 1-10512Z0-Foxe-PeriodELA,ELA: Grade 1-10512Z0-Foxe-PeriodELA,active,
186,ELA: Grade 1-10512Z0-Johns-PeriodELA,ELA: Grade 1-10512Z0-Johns-PeriodELA,active,
186,ELA: Grade 1-10512Z0-Johns-PeriodELA,ELA: Grade 1-10512Z0-Johns-PeriodELA,active,
185,ELA: Grade 1-10512Z0-Sheppard-PeriodELA,ELA: Grade 1-10512Z0-Sheppard-PeriodELA,active,
185,ELA: Grade 1-10512Z0-Sheppard-PeriodELA,ELA: Grade 1-10512Z0-Sheppard-PeriodELA,active,
301,ELA: Grade 1-1051AZ0-Harris-PeriodELA,ELA: Grade 1-1051AZ0-Harris-PeriodELA,active,
301,ELA: Grade 1-1051AZ0-Harris-PeriodELA,ELA: Grade 1-1051AZ0-Harris-PeriodELA,active,
269,ELA: Grade 2-10522Z0-Daniels-PeriodELA,ELA: Grade 2-10522Z0-Daniels-PeriodELA,active,
269,ELA: Grade 2-10522Z0-Daniels-PeriodELA,ELA: Grade 2-10522Z0-Daniels-PeriodELA,active,
187,ELA: Grade 2-10522Z0-Sheffield-PeriodELA,ELA: Grade 2-10522Z0-Sheffield-PeriodELA,active,
187,ELA: Grade 2-10522Z0-Sheffield-PeriodELA,ELA: Grade 2-10522Z0-Sheffield-PeriodELA,active,
187,ELA: Grade 2-10522Z0-Sheppard-PeriodELA,ELA: Grade 2-10522Z0-Sheppard-PeriodELA,active,
187,ELA: Grade 2-10522Z0-Sheppard-PeriodELA,ELA: Grade 2-10522Z0-Sheppard-PeriodELA,active,
187,ELA: Grade 2-10522Z0-Thompson-PeriodELA,ELA: Grade 2-10522Z0-Thompson-PeriodELA,active,
187,ELA: Grade 2-10522Z0-Thompson-PeriodELA,ELA: Grade 2-10522Z0-Thompson-PeriodELA,active,
189,ELA: Grade 3-10532Z0-Giles-PeriodELA,ELA: Grade 3-10532Z0-Giles-PeriodELA,active,
189,ELA: Grade 3-10532Z0-Giles-PeriodELA,ELA: Grade 3-10532Z0-Giles-PeriodELA,active,
188,ELA: Grade 3-10532Z0-Hartage-PeriodELA,ELA: Grade 3-10532Z0-Hartage-PeriodELA,active,
188,ELA: Grade 3-10532Z0-Hartage-PeriodELA,ELA: Grade 3-10532Z0-Hartage-PeriodELA,active,
190,ELA: Grade 4-10542Z0-Aldman-PeriodELA,ELA: Grade 4-10542Z0-Aldman-PeriodELA,active,
190,ELA: Grade 4-10542Z0-Aldman-PeriodELA,ELA: Grade 4-10542Z0-Aldman-PeriodELA,active,
191,ELA: Grade 4-10542Z0-Moore-PeriodELA,ELA: Grade 4-10542Z0-Moore-PeriodELA,active,
191,ELA: Grade 4-10542Z0-Moore-PeriodELA,ELA: Grade 4-10542Z0-Moore-PeriodELA,active,
305,ELA: Grade 4-1054AZ0-Harris-PeriodELA,ELA: Grade 4-1054AZ0-Harris-PeriodELA,active,
305,ELA: Grade 4-1054AZ0-Harris-PeriodELA,ELA: Grade 4-1054AZ0-Harris-PeriodELA,active,
276,ELA: Grade 5-10552Z0-Alsop-PeriodELA,ELA: Grade 5-10552Z0-Alsop-PeriodELA,active,
276,ELA: Grade 5-10552Z0-Alsop-PeriodELA,ELA: Grade 5-10552Z0-Alsop-PeriodELA,active,
192,ELA: Grade 5-10552Z0-New-PeriodELA,ELA: Grade 5-10552Z0-New-PeriodELA,active,
192,ELA: Grade 5-10552Z0-New-PeriodELA,ELA: Grade 5-10552Z0-New-PeriodELA,active,
309,ELA: Grade 5-1055AZ0-Harris-PeriodELA,ELA: Grade 5-1055AZ0-Harris-PeriodELA,active,
309,ELA: Grade 5-1055AZ0-Harris-PeriodELA,ELA: Grade 5-1055AZ0-Harris-PeriodELA,active,
193,ELA: Grade 6-10562Y0-Hammel-PeriodELA,ELA: Grade 6-10562Y0-Hammel-PeriodELA,active,10562Y0
193,ELA: Grade 6-10562Y0-Hammel-PeriodELA,ELA: Grade 6-10562Y0-Hammel-PeriodELA,active,10562Y0
193,ELA: Grade 6-10562Y0-Liriano-PeriodELA,ELA: Grade 6-10562Y0-Liriano-PeriodELA,active,10562Y0
193,ELA: Grade 6-10562Y0-Liriano-PeriodELA,ELA: Grade 6-10562Y0-Liriano-PeriodELA,active,10562Y0
193,ELA: Grade 6-10562Y0-Sheppard-PeriodELA,ELA: Grade 6-10562Y0-Sheppard-PeriodELA,active,10562Y0
193,ELA: Grade 6-10562Y0-Sheppard-PeriodELA,ELA: Grade 6-10562Y0-Sheppard-PeriodELA,active,10562Y0
257,ELA: Grade 7-10572Y0-Achrane-PeriodELA,ELA: Grade 7-10572Y0-Achrane-PeriodELA,active,10572Y0
257,ELA: Grade 7-10572Y0-Achrane-PeriodELA,ELA: Grade 7-10572Y0-Achrane-PeriodELA,active,10572Y0
283,ELA: Grade 7-10572Y0-Achrane-PeriodELA,ELA: Grade 7-10572Y0-Achrane-PeriodELA,active,10572Y0
283,ELA: Grade 7-10572Y0-Achrane-PeriodELA,ELA: Grade 7-10572Y0-Achrane-PeriodELA,active,10572Y0
313,ELA: Grade 7-1057AY0-Harris-PeriodELA,ELA: Grade 7-1057AY0-Harris-PeriodELA,active,
313,ELA: Grade 7-1057AY0-Harris-PeriodELA,ELA: Grade 7-1057AY0-Harris-PeriodELA,active,
290,ELA: Grade 8-10582Y0-Achrane-PeriodELA,ELA: Grade 8-10582Y0-Achrane-PeriodELA,active,10582Y0
290,ELA: Grade 8-10582Y0-Achrane-PeriodELA,ELA: Grade 8-10582Y0-Achrane-PeriodELA,active,10582Y0
184,ELA: Kindergarten-10502Z0-Coleman-PeriodELA,ELA: Kindergarten-10502Z0-Coleman-PeriodELA,active,
184,ELA: Kindergarten-10502Z0-Coleman-PeriodELA,ELA: Kindergarten-10502Z0-Coleman-PeriodELA,active,
183,ELA: Kindergarten-10502Z0-Gist-PeriodELA,ELA: Kindergarten-10502Z0-Gist-PeriodELA,active,
183,ELA: Kindergarten-10502Z0-Gist-PeriodELA,ELA: Kindergarten-10502Z0-Gist-PeriodELA,active,
297,ELA: Kindergarten-1050AZ0-Harris-PeriodELA,ELA: Kindergarten-1050AZ0-Harris-PeriodELA,active,
297,ELA: Kindergarten-1050AZ0-Harris-PeriodELA,ELA: Kindergarten-1050AZ0-Harris-PeriodELA,active,
209,Math: Grade 1-20012Z0-Campbell-PeriodMath,Math: Grade 1-20012Z0-Campbell-PeriodMath,active,
209,Math: Grade 1-20012Z0-Campbell-PeriodMath,Math: Grade 1-20012Z0-Campbell-PeriodMath,active,
209,Math: Grade 1-20012Z0-Foxe-PeriodMath,Math: Grade 1-20012Z0-Foxe-PeriodMath,active,
209,Math: Grade 1-20012Z0-Foxe-PeriodMath,Math: Grade 1-20012Z0-Foxe-PeriodMath,active,
210,Math: Grade 1-20012Z0-Johns-PeriodMath,Math: Grade 1-20012Z0-Johns-PeriodMath,active,
210,Math: Grade 1-20012Z0-Johns-PeriodMath,Math: Grade 1-20012Z0-Johns-PeriodMath,active,
209,Math: Grade 1-20012Z0-Sheppard-PeriodMath,Math: Grade 1-20012Z0-Sheppard-PeriodMath,active,
209,Math: Grade 1-20012Z0-Sheppard-PeriodMath,Math: Grade 1-20012Z0-Sheppard-PeriodMath,active,
302,Math: Grade 1-2001AZ0-Harris-PeriodMath,Math: Grade 1-2001AZ0-Harris-PeriodMath,active,
302,Math: Grade 1-2001AZ0-Harris-PeriodMath,Math: Grade 1-2001AZ0-Harris-PeriodMath,active,
270,Math: Grade 2-20022Z0-Daniels-PeriodMath,Math: Grade 2-20022Z0-Daniels-PeriodMath,active,
270,Math: Grade 2-20022Z0-Daniels-PeriodMath,Math: Grade 2-20022Z0-Daniels-PeriodMath,active,
211,Math: Grade 2-20022Z0-Sheffield-PeriodMath,Math: Grade 2-20022Z0-Sheffield-PeriodMath,active,
211,Math: Grade 2-20022Z0-Sheffield-PeriodMath,Math: Grade 2-20022Z0-Sheffield-PeriodMath,active,
211,Math: Grade 2-20022Z0-Sheppard-PeriodMath,Math: Grade 2-20022Z0-Sheppard-PeriodMath,active,
211,Math: Grade 2-20022Z0-Sheppard-PeriodMath,Math: Grade 2-20022Z0-Sheppard-PeriodMath,active,
211,Math: Grade 2-20022Z0-Thompson-PeriodMath,Math: Grade 2-20022Z0-Thompson-PeriodMath,active,
211,Math: Grade 2-20022Z0-Thompson-PeriodMath,Math: Grade 2-20022Z0-Thompson-PeriodMath,active,
213,Math: Grade 3-20032Z0-Giles-PeriodMath,Math: Grade 3-20032Z0-Giles-PeriodMath,active,
213,Math: Grade 3-20032Z0-Giles-PeriodMath,Math: Grade 3-20032Z0-Giles-PeriodMath,active,
212,Math: Grade 3-20032Z0-Hartage-PeriodMath,Math: Grade 3-20032Z0-Hartage-PeriodMath,active,
212,Math: Grade 3-20032Z0-Hartage-PeriodMath,Math: Grade 3-20032Z0-Hartage-PeriodMath,active,
214,Math: Grade 4-20042Z0-Aldman-PeriodMath,Math: Grade 4-20042Z0-Aldman-PeriodMath,active,
214,Math: Grade 4-20042Z0-Aldman-PeriodMath,Math: Grade 4-20042Z0-Aldman-PeriodMath,active,
215,Math: Grade 4-20042Z0-Moore-PeriodMath,Math: Grade 4-20042Z0-Moore-PeriodMath,active,
215,Math: Grade 4-20042Z0-Moore-PeriodMath,Math: Grade 4-20042Z0-Moore-PeriodMath,active,
306,Math: Grade 4-2004AZ0-Harris-PeriodMath,Math: Grade 4-2004AZ0-Harris-PeriodMath,active,
306,Math: Grade 4-2004AZ0-Harris-PeriodMath,Math: Grade 4-2004AZ0-Harris-PeriodMath,active,
277,Math: Grade 5-20052Z0-Alsop-PeriodMath,Math: Grade 5-20052Z0-Alsop-PeriodMath,active,
277,Math: Grade 5-20052Z0-Alsop-PeriodMath,Math: Grade 5-20052Z0-Alsop-PeriodMath,active,
216,Math: Grade 5-20052Z0-New-PeriodMath,Math: Grade 5-20052Z0-New-PeriodMath,active,
216,Math: Grade 5-20052Z0-New-PeriodMath,Math: Grade 5-20052Z0-New-PeriodMath,active,
310,Math: Grade 5-2005AZ0-Harris-PeriodMath,Math: Grade 5-2005AZ0-Harris-PeriodMath,active,
310,Math: Grade 5-2005AZ0-Harris-PeriodMath,Math: Grade 5-2005AZ0-Harris-PeriodMath,active,
217,Math: Grade 6-20062Y0-Hammel-PeriodMath,Math: Grade 6-20062Y0-Hammel-PeriodMath,active,20062Y0
217,Math: Grade 6-20062Y0-Hammel-PeriodMath,Math: Grade 6-20062Y0-Hammel-PeriodMath,active,20062Y0
217,Math: Grade 6-20062Y0-Liriano-PeriodMath,Math: Grade 6-20062Y0-Liriano-PeriodMath,active,20062Y0
217,Math: Grade 6-20062Y0-Liriano-PeriodMath,Math: Grade 6-20062Y0-Liriano-PeriodMath,active,20062Y0
217,Math: Grade 6-20062Y0-Sheppard-PeriodMath,Math: Grade 6-20062Y0-Sheppard-PeriodMath,active,20062Y0
217,Math: Grade 6-20062Y0-Sheppard-PeriodMath,Math: Grade 6-20062Y0-Sheppard-PeriodMath,active,20062Y0
258,Math: Grade 7-20072Y0-Green-PeriodMath,Math: Grade 7-20072Y0-Green-PeriodMath,active,20072Y0
258,Math: Grade 7-20072Y0-Green-PeriodMath,Math: Grade 7-20072Y0-Green-PeriodMath,active,20072Y0
284,Math: Grade 7-20072Y0-Green-PeriodMath,Math: Grade 7-20072Y0-Green-PeriodMath,active,20072Y0
284,Math: Grade 7-20072Y0-Green-PeriodMath,Math: Grade 7-20072Y0-Green-PeriodMath,active,20072Y0
314,Math: Grade 7-2007AY0-Harris-PeriodMath,Math: Grade 7-2007AY0-Harris-PeriodMath,active,
314,Math: Grade 7-2007AY0-Harris-PeriodMath,Math: Grade 7-2007AY0-Harris-PeriodMath,active,
292,Math: Grade 8-20082Y0-Green-PeriodMath,Math: Grade 8-20082Y0-Green-PeriodMath,active,20082Y0
292,Math: Grade 8-20082Y0-Green-PeriodMath,Math: Grade 8-20082Y0-Green-PeriodMath,active,20082Y0
208,Math: Kindergarten-20002Z0-Coleman-PeriodMath,Math: Kindergarten-20002Z0-Coleman-PeriodMath,active,
208,Math: Kindergarten-20002Z0-Coleman-PeriodMath,Math: Kindergarten-20002Z0-Coleman-PeriodMath,active,
207,Math: Kindergarten-20002Z0-Gist-PeriodMath,Math: Kindergarten-20002Z0-Gist-PeriodMath,active,
207,Math: Kindergarten-20002Z0-Gist-PeriodMath,Math: Kindergarten-20002Z0-Gist-PeriodMath,active,
298,Math: Kindergarten-2000AZ0-Harris-PeriodMath,Math: Kindergarten-2000AZ0-Harris-PeriodMath,active,
298,Math: Kindergarten-2000AZ0-Harris-PeriodMath,Math: Kindergarten-2000AZ0-Harris-PeriodMath,active,
245,Music: Grade 1-52012Z0-Sharp-PeriodMusic,Music: Grade 1-52012Z0-Sharp-PeriodMusic,active,
245,Music: Grade 1-52012Z0-Sharp-PeriodMusic,Music: Grade 1-52012Z0-Sharp-PeriodMusic,active,
246,Music: Grade 1-52012Z0-Sharp-PeriodMusic,Music: Grade 1-52012Z0-Sharp-PeriodMusic,active,
246,Music: Grade 1-52012Z0-Sharp-PeriodMusic,Music: Grade 1-52012Z0-Sharp-PeriodMusic,active,
331,Music: Grade 1-52012Z0-Sharp-PeriodMusic,Music: Grade 1-52012Z0-Sharp-PeriodMusic,active,
331,Music: Grade 1-52012Z0-Sharp-PeriodMusic,Music: Grade 1-52012Z0-Sharp-PeriodMusic,active,
247,Music: Grade 2-52022Z0-Sharp-PeriodMusic,Music: Grade 2-52022Z0-Sharp-PeriodMusic,active,
247,Music: Grade 2-52022Z0-Sharp-PeriodMusic,Music: Grade 2-52022Z0-Sharp-PeriodMusic,active,
273,Music: Grade 2-52022Z0-Sharp-PeriodMusic,Music: Grade 2-52022Z0-Sharp-PeriodMusic,active,
273,Music: Grade 2-52022Z0-Sharp-PeriodMusic,Music: Grade 2-52022Z0-Sharp-PeriodMusic,active,
248,Music: Grade 3-52032Z0-Sharp-PeriodMusic,Music: Grade 3-52032Z0-Sharp-PeriodMusic,active,
248,Music: Grade 3-52032Z0-Sharp-PeriodMusic,Music: Grade 3-52032Z0-Sharp-PeriodMusic,active,
249,Music: Grade 3-52032Z0-Sharp-PeriodMusic,Music: Grade 3-52032Z0-Sharp-PeriodMusic,active,
249,Music: Grade 3-52032Z0-Sharp-PeriodMusic,Music: Grade 3-52032Z0-Sharp-PeriodMusic,active,
250,Music: Grade 4-52042Z0-Sharp-PeriodMusic,Music: Grade 4-52042Z0-Sharp-PeriodMusic,active,
250,Music: Grade 4-52042Z0-Sharp-PeriodMusic,Music: Grade 4-52042Z0-Sharp-PeriodMusic,active,
251,Music: Grade 4-52042Z0-Sharp-PeriodMusic,Music: Grade 4-52042Z0-Sharp-PeriodMusic,active,
251,Music: Grade 4-52042Z0-Sharp-PeriodMusic,Music: Grade 4-52042Z0-Sharp-PeriodMusic,active,
329,Music: Grade 4-52042Z0-Sharp-PeriodMusic,Music: Grade 4-52042Z0-Sharp-PeriodMusic,active,
329,Music: Grade 4-52042Z0-Sharp-PeriodMusic,Music: Grade 4-52042Z0-Sharp-PeriodMusic,active,
252,Music: Grade 5-52052Z0-Sharp-PeriodMusic,Music: Grade 5-52052Z0-Sharp-PeriodMusic,active,
252,Music: Grade 5-52052Z0-Sharp-PeriodMusic,Music: Grade 5-52052Z0-Sharp-PeriodMusic,active,
280,Music: Grade 5-52052Z0-Sharp-PeriodMusic,Music: Grade 5-52052Z0-Sharp-PeriodMusic,active,
280,Music: Grade 5-52052Z0-Sharp-PeriodMusic,Music: Grade 5-52052Z0-Sharp-PeriodMusic,active,
321,Music: Grade 5-52052Z0-Sharp-PeriodMusic,Music: Grade 5-52052Z0-Sharp-PeriodMusic,active,
321,Music: Grade 5-52052Z0-Sharp-PeriodMusic,Music: Grade 5-52052Z0-Sharp-PeriodMusic,active,
253,Music: Grade 6-52062Y0-Sharp-PeriodMusic,Music: Grade 6-52062Y0-Sharp-PeriodMusic,active,
253,Music: Grade 6-52062Y0-Sharp-PeriodMusic,Music: Grade 6-52062Y0-Sharp-PeriodMusic,active,
256,Music: Grade 7-52072Y0-Sharp-PeriodMusic,Music: Grade 7-52072Y0-Sharp-PeriodMusic,active,
256,Music: Grade 7-52072Y0-Sharp-PeriodMusic,Music: Grade 7-52072Y0-Sharp-PeriodMusic,active,
285,Music: Grade 7-52072Y0-Sharp-PeriodMusic,Music: Grade 7-52072Y0-Sharp-PeriodMusic,active,
285,Music: Grade 7-52072Y0-Sharp-PeriodMusic,Music: Grade 7-52072Y0-Sharp-PeriodMusic,active,
317,Music: Grade 8-52082Y0-Sharp-PeriodMusic,Music: Grade 8-52082Y0-Sharp-PeriodMusic,active,
317,Music: Grade 8-52082Y0-Sharp-PeriodMusic,Music: Grade 8-52082Y0-Sharp-PeriodMusic,active,
243,Music: Kindergarten-52002Z0-Sharp-PeriodMusic,Music: Kindergarten-52002Z0-Sharp-PeriodMusic,active,
243,Music: Kindergarten-52002Z0-Sharp-PeriodMusic,Music: Kindergarten-52002Z0-Sharp-PeriodMusic,active,
244,Music: Kindergarten-52002Z0-Sharp-PeriodMusic,Music: Kindergarten-52002Z0-Sharp-PeriodMusic,active,
244,Music: Kindergarten-52002Z0-Sharp-PeriodMusic,Music: Kindergarten-52002Z0-Sharp-PeriodMusic,active,
497,Music: Kindergarten-52002Z0-Sharp-PeriodMusic,Music: Kindergarten-52002Z0-Sharp-PeriodMusic,active,
497,Music: Kindergarten-52002Z0-Sharp-PeriodMusic,Music: Kindergarten-52002Z0-Sharp-PeriodMusic,active,
197,Physical Education: Grade 1-60212Z0-Jackson-PeriodPE,Physical Education: Grade 1-60212Z0-Jackson-PeriodPE,active,
197,Physical Education: Grade 1-60212Z0-Jackson-PeriodPE,Physical Education: Grade 1-60212Z0-Jackson-PeriodPE,active,
198,Physical Education: Grade 1-60212Z0-Jackson-PeriodPE,Physical Education: Grade 1-60212Z0-Jackson-PeriodPE,active,
198,Physical Education: Grade 1-60212Z0-Jackson-PeriodPE,Physical Education: Grade 1-60212Z0-Jackson-PeriodPE,active,
324,Physical Education: Grade 1-60212Z0-Jackson-PeriodPE,Physical Education: Grade 1-60212Z0-Jackson-PeriodPE,active,
324,Physical Education: Grade 1-60212Z0-Jackson-PeriodPE,Physical Education: Grade 1-60212Z0-Jackson-PeriodPE,active,
197,Physical Education: Grade 1-60212Z0-Matherson-PeriodPE,Physical Education: Grade 1-60212Z0-Matherson-PeriodPE,active,
197,Physical Education: Grade 1-60212Z0-Matherson-PeriodPE,Physical Education: Grade 1-60212Z0-Matherson-PeriodPE,active,
198,Physical Education: Grade 1-60212Z0-Matherson-PeriodPE,Physical Education: Grade 1-60212Z0-Matherson-PeriodPE,active,
198,Physical Education: Grade 1-60212Z0-Matherson-PeriodPE,Physical Education: Grade 1-60212Z0-Matherson-PeriodPE,active,
324,Physical Education: Grade 1-60212Z0-Matherson-PeriodPE,Physical Education: Grade 1-60212Z0-Matherson-PeriodPE,active,
324,Physical Education: Grade 1-60212Z0-Matherson-PeriodPE,Physical Education: Grade 1-60212Z0-Matherson-PeriodPE,active,
197,Physical Education: Grade 1-60212Z0-Orr-PeriodPE,Physical Education: Grade 1-60212Z0-Orr-PeriodPE,active,
197,Physical Education: Grade 1-60212Z0-Orr-PeriodPE,Physical Education: Grade 1-60212Z0-Orr-PeriodPE,active,
198,Physical Education: Grade 1-60212Z0-Orr-PeriodPE,Physical Education: Grade 1-60212Z0-Orr-PeriodPE,active,
198,Physical Education: Grade 1-60212Z0-Orr-PeriodPE,Physical Education: Grade 1-60212Z0-Orr-PeriodPE,active,
324,Physical Education: Grade 1-60212Z0-Orr-PeriodPE,Physical Education: Grade 1-60212Z0-Orr-PeriodPE,active,
324,Physical Education: Grade 1-60212Z0-Orr-PeriodPE,Physical Education: Grade 1-60212Z0-Orr-PeriodPE,active,
199,Physical Education: Grade 2-60222Z0-Jackson-PeriodPE,Physical Education: Grade 2-60222Z0-Jackson-PeriodPE,active,
199,Physical Education: Grade 2-60222Z0-Jackson-PeriodPE,Physical Education: Grade 2-60222Z0-Jackson-PeriodPE,active,
275,Physical Education: Grade 2-60222Z0-Jackson-PeriodPE,Physical Education: Grade 2-60222Z0-Jackson-PeriodPE,active,
275,Physical Education: Grade 2-60222Z0-Jackson-PeriodPE,Physical Education: Grade 2-60222Z0-Jackson-PeriodPE,active,
199,Physical Education: Grade 2-60222Z0-Matherson-PeriodPE,Physical Education: Grade 2-60222Z0-Matherson-PeriodPE,active,
199,Physical Education: Grade 2-60222Z0-Matherson-PeriodPE,Physical Education: Grade 2-60222Z0-Matherson-PeriodPE,active,
275,Physical Education: Grade 2-60222Z0-Matherson-PeriodPE,Physical Education: Grade 2-60222Z0-Matherson-PeriodPE,active,
275,Physical Education: Grade 2-60222Z0-Matherson-PeriodPE,Physical Education: Grade 2-60222Z0-Matherson-PeriodPE,active,
199,Physical Education: Grade 2-60222Z0-Orr-PeriodPE,Physical Education: Grade 2-60222Z0-Orr-PeriodPE,active,
199,Physical Education: Grade 2-60222Z0-Orr-PeriodPE,Physical Education: Grade 2-60222Z0-Orr-PeriodPE,active,
275,Physical Education: Grade 2-60222Z0-Orr-PeriodPE,Physical Education: Grade 2-60222Z0-Orr-PeriodPE,active,
275,Physical Education: Grade 2-60222Z0-Orr-PeriodPE,Physical Education: Grade 2-60222Z0-Orr-PeriodPE,active,
200,Physical Education: Grade 3-60232Z0-Jackson-PeriodPE,Physical Education: Grade 3-60232Z0-Jackson-PeriodPE,active,
200,Physical Education: Grade 3-60232Z0-Jackson-PeriodPE,Physical Education: Grade 3-60232Z0-Jackson-PeriodPE,active,
201,Physical Education: Grade 3-60232Z0-Jackson-PeriodPE,Physical Education: Grade 3-60232Z0-Jackson-PeriodPE,active,
201,Physical Education: Grade 3-60232Z0-Jackson-PeriodPE,Physical Education: Grade 3-60232Z0-Jackson-PeriodPE,active,
200,Physical Education: Grade 3-60232Z0-Matherson-PeriodPE,Physical Education: Grade 3-60232Z0-Matherson-PeriodPE,active,
200,Physical Education: Grade 3-60232Z0-Matherson-PeriodPE,Physical Education: Grade 3-60232Z0-Matherson-PeriodPE,active,
201,Physical Education: Grade 3-60232Z0-Matherson-PeriodPE,Physical Education: Grade 3-60232Z0-Matherson-PeriodPE,active,
201,Physical Education: Grade 3-60232Z0-Matherson-PeriodPE,Physical Education: Grade 3-60232Z0-Matherson-PeriodPE,active,
200,Physical Education: Grade 3-60232Z0-Orr-PeriodPE,Physical Education: Grade 3-60232Z0-Orr-PeriodPE,active,
200,Physical Education: Grade 3-60232Z0-Orr-PeriodPE,Physical Education: Grade 3-60232Z0-Orr-PeriodPE,active,
201,Physical Education: Grade 3-60232Z0-Orr-PeriodPE,Physical Education: Grade 3-60232Z0-Orr-PeriodPE,active,
201,Physical Education: Grade 3-60232Z0-Orr-PeriodPE,Physical Education: Grade 3-60232Z0-Orr-PeriodPE,active,
202,Physical Education: Grade 4-60242Z0-Jackson-PeriodPE,Physical Education: Grade 4-60242Z0-Jackson-PeriodPE,active,
202,Physical Education: Grade 4-60242Z0-Jackson-PeriodPE,Physical Education: Grade 4-60242Z0-Jackson-PeriodPE,active,
203,Physical Education: Grade 4-60242Z0-Jackson-PeriodPE,Physical Education: Grade 4-60242Z0-Jackson-PeriodPE,active,
203,Physical Education: Grade 4-60242Z0-Jackson-PeriodPE,Physical Education: Grade 4-60242Z0-Jackson-PeriodPE,active,
325,Physical Education: Grade 4-60242Z0-Jackson-PeriodPE,Physical Education: Grade 4-60242Z0-Jackson-PeriodPE,active,
325,Physical Education: Grade 4-60242Z0-Jackson-PeriodPE,Physical Education: Grade 4-60242Z0-Jackson-PeriodPE,active,
202,Physical Education: Grade 4-60242Z0-Matherson-PeriodPE,Physical Education: Grade 4-60242Z0-Matherson-PeriodPE,active,
202,Physical Education: Grade 4-60242Z0-Matherson-PeriodPE,Physical Education: Grade 4-60242Z0-Matherson-PeriodPE,active,
203,Physical Education: Grade 4-60242Z0-Matherson-PeriodPE,Physical Education: Grade 4-60242Z0-Matherson-PeriodPE,active,
203,Physical Education: Grade 4-60242Z0-Matherson-PeriodPE,Physical Education: Grade 4-60242Z0-Matherson-PeriodPE,active,
325,Physical Education: Grade 4-60242Z0-Matherson-PeriodPE,Physical Education: Grade 4-60242Z0-Matherson-PeriodPE,active,
325,Physical Education: Grade 4-60242Z0-Matherson-PeriodPE,Physical Education: Grade 4-60242Z0-Matherson-PeriodPE,active,
202,Physical Education: Grade 4-60242Z0-Orr-PeriodPE,Physical Education: Grade 4-60242Z0-Orr-PeriodPE,active,
202,Physical Education: Grade 4-60242Z0-Orr-PeriodPE,Physical Education: Grade 4-60242Z0-Orr-PeriodPE,active,
203,Physical Education: Grade 4-60242Z0-Orr-PeriodPE,Physical Education: Grade 4-60242Z0-Orr-PeriodPE,active,
203,Physical Education: Grade 4-60242Z0-Orr-PeriodPE,Physical Education: Grade 4-60242Z0-Orr-PeriodPE,active,
325,Physical Education: Grade 4-60242Z0-Orr-PeriodPE,Physical Education: Grade 4-60242Z0-Orr-PeriodPE,active,
325,Physical Education: Grade 4-60242Z0-Orr-PeriodPE,Physical Education: Grade 4-60242Z0-Orr-PeriodPE,active,
204,Physical Education: Grade 5-60252Z0-Jackson-PeriodPE,Physical Education: Grade 5-60252Z0-Jackson-PeriodPE,active,
204,Physical Education: Grade 5-60252Z0-Jackson-PeriodPE,Physical Education: Grade 5-60252Z0-Jackson-PeriodPE,active,
282,Physical Education: Grade 5-60252Z0-Jackson-PeriodPE,Physical Education: Grade 5-60252Z0-Jackson-PeriodPE,active,
282,Physical Education: Grade 5-60252Z0-Jackson-PeriodPE,Physical Education: Grade 5-60252Z0-Jackson-PeriodPE,active,
326,Physical Education: Grade 5-60252Z0-Jackson-PeriodPE,Physical Education: Grade 5-60252Z0-Jackson-PeriodPE,active,
326,Physical Education: Grade 5-60252Z0-Jackson-PeriodPE,Physical Education: Grade 5-60252Z0-Jackson-PeriodPE,active,
204,Physical Education: Grade 5-60252Z0-Matherson-PeriodPE,Physical Education: Grade 5-60252Z0-Matherson-PeriodPE,active,
204,Physical Education: Grade 5-60252Z0-Matherson-PeriodPE,Physical Education: Grade 5-60252Z0-Matherson-PeriodPE,active,
282,Physical Education: Grade 5-60252Z0-Matherson-PeriodPE,Physical Education: Grade 5-60252Z0-Matherson-PeriodPE,active,
282,Physical Education: Grade 5-60252Z0-Matherson-PeriodPE,Physical Education: Grade 5-60252Z0-Matherson-PeriodPE,active,
326,Physical Education: Grade 5-60252Z0-Matherson-PeriodPE,Physical Education: Grade 5-60252Z0-Matherson-PeriodPE,active,
326,Physical Education: Grade 5-60252Z0-Matherson-PeriodPE,Physical Education: Grade 5-60252Z0-Matherson-PeriodPE,active,
204,Physical Education: Grade 5-60252Z0-Orr-PeriodPE,Physical Education: Grade 5-60252Z0-Orr-PeriodPE,active,
204,Physical Education: Grade 5-60252Z0-Orr-PeriodPE,Physical Education: Grade 5-60252Z0-Orr-PeriodPE,active,
282,Physical Education: Grade 5-60252Z0-Orr-PeriodPE,Physical Education: Grade 5-60252Z0-Orr-PeriodPE,active,
282,Physical Education: Grade 5-60252Z0-Orr-PeriodPE,Physical Education: Grade 5-60252Z0-Orr-PeriodPE,active,
326,Physical Education: Grade 5-60252Z0-Orr-PeriodPE,Physical Education: Grade 5-60252Z0-Orr-PeriodPE,active,
326,Physical Education: Grade 5-60252Z0-Orr-PeriodPE,Physical Education: Grade 5-60252Z0-Orr-PeriodPE,active,
205,Physical Education: Grade 6-60262Y0-Jackson-PeriodPE,Physical Education: Grade 6-60262Y0-Jackson-PeriodPE,active,
205,Physical Education: Grade 6-60262Y0-Jackson-PeriodPE,Physical Education: Grade 6-60262Y0-Jackson-PeriodPE,active,
205,Physical Education: Grade 6-60262Y0-Matherson-PeriodPE,Physical Education: Grade 6-60262Y0-Matherson-PeriodPE,active,
205,Physical Education: Grade 6-60262Y0-Matherson-PeriodPE,Physical Education: Grade 6-60262Y0-Matherson-PeriodPE,active,
205,Physical Education: Grade 6-60262Y0-Orr-PeriodPE,Physical Education: Grade 6-60262Y0-Orr-PeriodPE,active,
205,Physical Education: Grade 6-60262Y0-Orr-PeriodPE,Physical Education: Grade 6-60262Y0-Orr-PeriodPE,active,
263,Physical Education: Grade 7-60272Y0-Jackson-PeriodPE,Physical Education: Grade 7-60272Y0-Jackson-PeriodPE,active,
263,Physical Education: Grade 7-60272Y0-Jackson-PeriodPE,Physical Education: Grade 7-60272Y0-Jackson-PeriodPE,active,
287,Physical Education: Grade 7-60272Y0-Jackson-PeriodPE,Physical Education: Grade 7-60272Y0-Jackson-PeriodPE,active,
287,Physical Education: Grade 7-60272Y0-Jackson-PeriodPE,Physical Education: Grade 7-60272Y0-Jackson-PeriodPE,active,
327,Physical Education: Grade 7-60272Y0-Jackson-PeriodPE,Physical Education: Grade 7-60272Y0-Jackson-PeriodPE,active,
327,Physical Education: Grade 7-60272Y0-Jackson-PeriodPE,Physical Education: Grade 7-60272Y0-Jackson-PeriodPE,active,
263,Physical Education: Grade 7-60272Y0-Orr-PeriodPE,Physical Education: Grade 7-60272Y0-Orr-PeriodPE,active,
263,Physical Education: Grade 7-60272Y0-Orr-PeriodPE,Physical Education: Grade 7-60272Y0-Orr-PeriodPE,active,
287,Physical Education: Grade 7-60272Y0-Orr-PeriodPE,Physical Education: Grade 7-60272Y0-Orr-PeriodPE,active,
287,Physical Education: Grade 7-60272Y0-Orr-PeriodPE,Physical Education: Grade 7-60272Y0-Orr-PeriodPE,active,
327,Physical Education: Grade 7-60272Y0-Orr-PeriodPE,Physical Education: Grade 7-60272Y0-Orr-PeriodPE,active,
327,Physical Education: Grade 7-60272Y0-Orr-PeriodPE,Physical Education: Grade 7-60272Y0-Orr-PeriodPE,active,
296,Physical Education: Grade 8-60282Y0-Jackson-PeriodPE,Physical Education: Grade 8-60282Y0-Jackson-PeriodPE,active,
296,Physical Education: Grade 8-60282Y0-Jackson-PeriodPE,Physical Education: Grade 8-60282Y0-Jackson-PeriodPE,active,
296,Physical Education: Grade 8-60282Y0-Orr-PeriodPE,Physical Education: Grade 8-60282Y0-Orr-PeriodPE,active,
296,Physical Education: Grade 8-60282Y0-Orr-PeriodPE,Physical Education: Grade 8-60282Y0-Orr-PeriodPE,active,
195,Physical Education: Kindergart-60202Z0-Jackson-PeriodPE,Physical Education: Kindergart-60202Z0-Jackson-PeriodPE,active,
195,Physical Education: Kindergart-60202Z0-Jackson-PeriodPE,Physical Education: Kindergart-60202Z0-Jackson-PeriodPE,active,
196,Physical Education: Kindergart-60202Z0-Jackson-PeriodPE,Physical Education: Kindergart-60202Z0-Jackson-PeriodPE,active,
196,Physical Education: Kindergart-60202Z0-Jackson-PeriodPE,Physical Education: Kindergart-60202Z0-Jackson-PeriodPE,active,
323,Physical Education: Kindergart-60202Z0-Jackson-PeriodPE,Physical Education: Kindergart-60202Z0-Jackson-PeriodPE,active,
323,Physical Education: Kindergart-60202Z0-Jackson-PeriodPE,Physical Education: Kindergart-60202Z0-Jackson-PeriodPE,active,
195,Physical Education: Kindergart-60202Z0-Matherson-PeriodPE,Physical Education: Kindergart-60202Z0-Matherson-PeriodPE,active,
195,Physical Education: Kindergart-60202Z0-Matherson-PeriodPE,Physical Education: Kindergart-60202Z0-Matherson-PeriodPE,active,
196,Physical Education: Kindergart-60202Z0-Matherson-PeriodPE,Physical Education: Kindergart-60202Z0-Matherson-PeriodPE,active,
196,Physical Education: Kindergart-60202Z0-Matherson-PeriodPE,Physical Education: Kindergart-60202Z0-Matherson-PeriodPE,active,
323,Physical Education: Kindergart-60202Z0-Matherson-PeriodPE,Physical Education: Kindergart-60202Z0-Matherson-PeriodPE,active,
323,Physical Education: Kindergart-60202Z0-Matherson-PeriodPE,Physical Education: Kindergart-60202Z0-Matherson-PeriodPE,active,
195,Physical Education: Kindergart-60202Z0-Orr-PeriodPE,Physical Education: Kindergart-60202Z0-Orr-PeriodPE,active,
195,Physical Education: Kindergart-60202Z0-Orr-PeriodPE,Physical Education: Kindergart-60202Z0-Orr-PeriodPE,active,
196,Physical Education: Kindergart-60202Z0-Orr-PeriodPE,Physical Education: Kindergart-60202Z0-Orr-PeriodPE,active,
196,Physical Education: Kindergart-60202Z0-Orr-PeriodPE,Physical Education: Kindergart-60202Z0-Orr-PeriodPE,active,
323,Physical Education: Kindergart-60202Z0-Orr-PeriodPE,Physical Education: Kindergart-60202Z0-Orr-PeriodPE,active,
323,Physical Education: Kindergart-60202Z0-Orr-PeriodPE,Physical Education: Kindergart-60202Z0-Orr-PeriodPE,active,
221,Science: Grade 1-30012Z0-Campbell-PeriodScience,Science: Grade 1-30012Z0-Campbell-PeriodScience,active,
221,Science: Grade 1-30012Z0-Campbell-PeriodScience,Science: Grade 1-30012Z0-Campbell-PeriodScience,active,
221,Science: Grade 1-30012Z0-Foxe-PeriodScience,Science: Grade 1-30012Z0-Foxe-PeriodScience,active,
221,Science: Grade 1-30012Z0-Foxe-PeriodScience,Science: Grade 1-30012Z0-Foxe-PeriodScience,active,
222,Science: Grade 1-30012Z0-Johns-PeriodScience,Science: Grade 1-30012Z0-Johns-PeriodScience,active,
222,Science: Grade 1-30012Z0-Johns-PeriodScience,Science: Grade 1-30012Z0-Johns-PeriodScience,active,
221,Science: Grade 1-30012Z0-Sheppard-PeriodScience,Science: Grade 1-30012Z0-Sheppard-PeriodScience,active,
221,Science: Grade 1-30012Z0-Sheppard-PeriodScience,Science: Grade 1-30012Z0-Sheppard-PeriodScience,active,
303,Science: Grade 1-3001AZ0-Harris-PeriodScience,Science: Grade 1-3001AZ0-Harris-PeriodScience,active,
303,Science: Grade 1-3001AZ0-Harris-PeriodScience,Science: Grade 1-3001AZ0-Harris-PeriodScience,active,
271,Science: Grade 2-30022Z0-Daniels-PeriodScience,Science: Grade 2-30022Z0-Daniels-PeriodScience,active,
271,Science: Grade 2-30022Z0-Daniels-PeriodScience,Science: Grade 2-30022Z0-Daniels-PeriodScience,active,
223,Science: Grade 2-30022Z0-Sheffield-PeriodScience,Science: Grade 2-30022Z0-Sheffield-PeriodScience,active,
223,Science: Grade 2-30022Z0-Sheffield-PeriodScience,Science: Grade 2-30022Z0-Sheffield-PeriodScience,active,
223,Science: Grade 2-30022Z0-Sheppard-PeriodScience,Science: Grade 2-30022Z0-Sheppard-PeriodScience,active,
223,Science: Grade 2-30022Z0-Sheppard-PeriodScience,Science: Grade 2-30022Z0-Sheppard-PeriodScience,active,
223,Science: Grade 2-30022Z0-Thompson-PeriodScience,Science: Grade 2-30022Z0-Thompson-PeriodScience,active,
223,Science: Grade 2-30022Z0-Thompson-PeriodScience,Science: Grade 2-30022Z0-Thompson-PeriodScience,active,
225,Science: Grade 3-30032Z0-Giles-PeriodScience,Science: Grade 3-30032Z0-Giles-PeriodScience,active,
225,Science: Grade 3-30032Z0-Giles-PeriodScience,Science: Grade 3-30032Z0-Giles-PeriodScience,active,
224,Science: Grade 3-30032Z0-Hartage-PeriodScience,Science: Grade 3-30032Z0-Hartage-PeriodScience,active,
224,Science: Grade 3-30032Z0-Hartage-PeriodScience,Science: Grade 3-30032Z0-Hartage-PeriodScience,active,
226,Science: Grade 4-30042Z0-Aldman-PeriodScience,Science: Grade 4-30042Z0-Aldman-PeriodScience,active,
226,Science: Grade 4-30042Z0-Aldman-PeriodScience,Science: Grade 4-30042Z0-Aldman-PeriodScience,active,
227,Science: Grade 4-30042Z0-Moore-PeriodScience,Science: Grade 4-30042Z0-Moore-PeriodScience,active,
227,Science: Grade 4-30042Z0-Moore-PeriodScience,Science: Grade 4-30042Z0-Moore-PeriodScience,active,
307,Science: Grade 4-3004AZ0-Harris-PeriodScience,Science: Grade 4-3004AZ0-Harris-PeriodScience,active,
307,Science: Grade 4-3004AZ0-Harris-PeriodScience,Science: Grade 4-3004AZ0-Harris-PeriodScience,active,
278,Science: Grade 5-30052Z0-Alsop-PeriodScience,Science: Grade 5-30052Z0-Alsop-PeriodScience,active,
278,Science: Grade 5-30052Z0-Alsop-PeriodScience,Science: Grade 5-30052Z0-Alsop-PeriodScience,active,
228,Science: Grade 5-30052Z0-New-PeriodScience,Science: Grade 5-30052Z0-New-PeriodScience,active,
228,Science: Grade 5-30052Z0-New-PeriodScience,Science: Grade 5-30052Z0-New-PeriodScience,active,
311,Science: Grade 5-3005AZ0-Harris-PeriodScience,Science: Grade 5-3005AZ0-Harris-PeriodScience,active,
311,Science: Grade 5-3005AZ0-Harris-PeriodScience,Science: Grade 5-3005AZ0-Harris-PeriodScience,active,
229,Science: Grade 6-30062Y0-Hammel-PeriodScience,Science: Grade 6-30062Y0-Hammel-PeriodScience,active,30062Y0
229,Science: Grade 6-30062Y0-Hammel-PeriodScience,Science: Grade 6-30062Y0-Hammel-PeriodScience,active,30062Y0
229,Science: Grade 6-30062Y0-Liriano-PeriodScience,Science: Grade 6-30062Y0-Liriano-PeriodScience,active,30062Y0
229,Science: Grade 6-30062Y0-Liriano-PeriodScience,Science: Grade 6-30062Y0-Liriano-PeriodScience,active,30062Y0
229,Science: Grade 6-30062Y0-Sheppard-PeriodScience,Science: Grade 6-30062Y0-Sheppard-PeriodScience,active,30062Y0
229,Science: Grade 6-30062Y0-Sheppard-PeriodScience,Science: Grade 6-30062Y0-Sheppard-PeriodScience,active,30062Y0
260,Science: Grade 7-30072Y0-Lawson-PeriodScience,Science: Grade 7-30072Y0-Lawson-PeriodScience,active,30072Y0
260,Science: Grade 7-30072Y0-Lawson-PeriodScience,Science: Grade 7-30072Y0-Lawson-PeriodScience,active,30072Y0
288,Science: Grade 7-30072Y0-Lawson-PeriodScience,Science: Grade 7-30072Y0-Lawson-PeriodScience,active,30072Y0
288,Science: Grade 7-30072Y0-Lawson-PeriodScience,Science: Grade 7-30072Y0-Lawson-PeriodScience,active,30072Y0
315,Science: Grade 7-3007AY0-Harris-PeriodScience,Science: Grade 7-3007AY0-Harris-PeriodScience,active,
315,Science: Grade 7-3007AY0-Harris-PeriodScience,Science: Grade 7-3007AY0-Harris-PeriodScience,active,
294,Science: Grade 8-30082Y0-Lawson-PeriodScience,Science: Grade 8-30082Y0-Lawson-PeriodScience,active,30082Y0
294,Science: Grade 8-30082Y0-Lawson-PeriodScience,Science: Grade 8-30082Y0-Lawson-PeriodScience,active,30082Y0
220,Science: Kindergarten-30002Z0-Coleman-PeriodScience,Science: Kindergarten-30002Z0-Coleman-PeriodScience,active,
220,Science: Kindergarten-30002Z0-Coleman-PeriodScience,Science: Kindergarten-30002Z0-Coleman-PeriodScience,active,
219,Science: Kindergarten-30002Z0-Gist-PeriodScience,Science: Kindergarten-30002Z0-Gist-PeriodScience,active,
219,Science: Kindergarten-30002Z0-Gist-PeriodScience,Science: Kindergarten-30002Z0-Gist-PeriodScience,active,
299,Science: Kindergarten-3000AZ0-Harris-PeriodScience,Science: Kindergarten-3000AZ0-Harris-PeriodScience,active,
299,Science: Kindergarten-3000AZ0-Harris-PeriodScience,Science: Kindergarten-3000AZ0-Harris-PeriodScience,active,
233,Social Studies: Grade 1-40012Z0-Campbell-PeriodSocStudies,Social Studies: Grade 1-40012Z0-Campbell-PeriodSocStudies,active,
233,Social Studies: Grade 1-40012Z0-Campbell-PeriodSocStudies,Social Studies: Grade 1-40012Z0-Campbell-PeriodSocStudies,active,
233,Social Studies: Grade 1-40012Z0-Foxe-PeriodSocStudies,Social Studies: Grade 1-40012Z0-Foxe-PeriodSocStudies,active,
233,Social Studies: Grade 1-40012Z0-Foxe-PeriodSocStudies,Social Studies: Grade 1-40012Z0-Foxe-PeriodSocStudies,active,
234,Social Studies: Grade 1-40012Z0-Johns-PeriodSocStudies,Social Studies: Grade 1-40012Z0-Johns-PeriodSocStudies,active,
234,Social Studies: Grade 1-40012Z0-Johns-PeriodSocStudies,Social Studies: Grade 1-40012Z0-Johns-PeriodSocStudies,active,
233,Social Studies: Grade 1-40012Z0-Sheppard-PeriodSocStudies,Social Studies: Grade 1-40012Z0-Sheppard-PeriodSocStudies,active,
233,Social Studies: Grade 1-40012Z0-Sheppard-PeriodSocStudies,Social Studies: Grade 1-40012Z0-Sheppard-PeriodSocStudies,active,
304,Social Studies: Grade 1-4001AZ0-Harris-PeriodSocStudies,Social Studies: Grade 1-4001AZ0-Harris-PeriodSocStudies,active,
304,Social Studies: Grade 1-4001AZ0-Harris-PeriodSocStudies,Social Studies: Grade 1-4001AZ0-Harris-PeriodSocStudies,active,
272,Social Studies: Grade 2-40022Z0-Daniels-PeriodSocStudies,Social Studies: Grade 2-40022Z0-Daniels-PeriodSocStudies,active,
272,Social Studies: Grade 2-40022Z0-Daniels-PeriodSocStudies,Social Studies: Grade 2-40022Z0-Daniels-PeriodSocStudies,active,
235,Social Studies: Grade 2-40022Z0-Sheffield-PeriodSocStudies,Social Studies: Grade 2-40022Z0-Sheffield-PeriodSocStudies,active,
235,Social Studies: Grade 2-40022Z0-Sheffield-PeriodSocStudies,Social Studies: Grade 2-40022Z0-Sheffield-PeriodSocStudies,active,
235,Social Studies: Grade 2-40022Z0-Sheppard-PeriodSocStudies,Social Studies: Grade 2-40022Z0-Sheppard-PeriodSocStudies,active,
235,Social Studies: Grade 2-40022Z0-Sheppard-PeriodSocStudies,Social Studies: Grade 2-40022Z0-Sheppard-PeriodSocStudies,active,
235,Social Studies: Grade 2-40022Z0-Thompson-PeriodSocStudies,Social Studies: Grade 2-40022Z0-Thompson-PeriodSocStudies,active,
235,Social Studies: Grade 2-40022Z0-Thompson-PeriodSocStudies,Social Studies: Grade 2-40022Z0-Thompson-PeriodSocStudies,active,
237,Social Studies: Grade 3-40032Z0-Giles-PeriodSocStudies,Social Studies: Grade 3-40032Z0-Giles-PeriodSocStudies,active,
237,Social Studies: Grade 3-40032Z0-Giles-PeriodSocStudies,Social Studies: Grade 3-40032Z0-Giles-PeriodSocStudies,active,
236,Social Studies: Grade 3-40032Z0-Hartage-PeriodSocStudies,Social Studies: Grade 3-40032Z0-Hartage-PeriodSocStudies,active,
236,Social Studies: Grade 3-40032Z0-Hartage-PeriodSocStudies,Social Studies: Grade 3-40032Z0-Hartage-PeriodSocStudies,active,
238,Social Studies: Grade 4-40042Z0-Aldman-PeriodSocStudies,Social Studies: Grade 4-40042Z0-Aldman-PeriodSocStudies,active,
238,Social Studies: Grade 4-40042Z0-Aldman-PeriodSocStudies,Social Studies: Grade 4-40042Z0-Aldman-PeriodSocStudies,active,
239,Social Studies: Grade 4-40042Z0-Moore-PeriodSocStudies,Social Studies: Grade 4-40042Z0-Moore-PeriodSocStudies,active,
239,Social Studies: Grade 4-40042Z0-Moore-PeriodSocStudies,Social Studies: Grade 4-40042Z0-Moore-PeriodSocStudies,active,
308,Social Studies: Grade 4-4004AZ0-Harris-PeriodSocStudies,Social Studies: Grade 4-4004AZ0-Harris-PeriodSocStudies,active,
308,Social Studies: Grade 4-4004AZ0-Harris-PeriodSocStudies,Social Studies: Grade 4-4004AZ0-Harris-PeriodSocStudies,active,
279,Social Studies: Grade 5-40052Z0-Alsop-PeriodSocStudies,Social Studies: Grade 5-40052Z0-Alsop-PeriodSocStudies,active,
279,Social Studies: Grade 5-40052Z0-Alsop-PeriodSocStudies,Social Studies: Grade 5-40052Z0-Alsop-PeriodSocStudies,active,
240,Social Studies: Grade 5-40052Z0-New-PeriodSocStudies,Social Studies: Grade 5-40052Z0-New-PeriodSocStudies,active,
240,Social Studies: Grade 5-40052Z0-New-PeriodSocStudies,Social Studies: Grade 5-40052Z0-New-PeriodSocStudies,active,
312,Social Studies: Grade 5-4005AZ0-Harris-PeriodSocStudies,Social Studies: Grade 5-4005AZ0-Harris-PeriodSocStudies,active,
312,Social Studies: Grade 5-4005AZ0-Harris-PeriodSocStudies,Social Studies: Grade 5-4005AZ0-Harris-PeriodSocStudies,active,
241,Social Studies: Grade 6-40062Y0-Hammel-PeriodSocStudies,Social Studies: Grade 6-40062Y0-Hammel-PeriodSocStudies,active,40062Y0
241,Social Studies: Grade 6-40062Y0-Hammel-PeriodSocStudies,Social Studies: Grade 6-40062Y0-Hammel-PeriodSocStudies,active,40062Y0
241,Social Studies: Grade 6-40062Y0-Liriano-PeriodSocStudies,Social Studies: Grade 6-40062Y0-Liriano-PeriodSocStudies,active,40062Y0
241,Social Studies: Grade 6-40062Y0-Liriano-PeriodSocStudies,Social Studies: Grade 6-40062Y0-Liriano-PeriodSocStudies,active,40062Y0
241,Social Studies: Grade 6-40062Y0-Sheppard-PeriodSocStudies,Social Studies: Grade 6-40062Y0-Sheppard-PeriodSocStudies,active,40062Y0
241,Social Studies: Grade 6-40062Y0-Sheppard-PeriodSocStudies,Social Studies: Grade 6-40062Y0-Sheppard-PeriodSocStudies,active,40062Y0
261,Social Studies: Grade 7-40072Y0-Lawson-PeriodSocStudies,Social Studies: Grade 7-40072Y0-Lawson-PeriodSocStudies,active,40072Y0
261,Social Studies: Grade 7-40072Y0-Lawson-PeriodSocStudies,Social Studies: Grade 7-40072Y0-Lawson-PeriodSocStudies,active,40072Y0
289,Social Studies: Grade 7-40072Y0-Lawson-PeriodSocStudies,Social Studies: Grade 7-40072Y0-Lawson-PeriodSocStudies,active,40072Y0
289,Social Studies: Grade 7-40072Y0-Lawson-PeriodSocStudies,Social Studies: Grade 7-40072Y0-Lawson-PeriodSocStudies,active,40072Y0
316,Social Studies: Grade 7-4007AY0-Harris-PeriodSocStudies,Social Studies: Grade 7-4007AY0-Harris-PeriodSocStudies,active,
316,Social Studies: Grade 7-4007AY0-Harris-PeriodSocStudies,Social Studies: Grade 7-4007AY0-Harris-PeriodSocStudies,active,
295,Social Studies: Grade 8-40082Y0-Lawson-PeriodSocStudies,Social Studies: Grade 8-40082Y0-Lawson-PeriodSocStudies,active,40082Y0
295,Social Studies: Grade 8-40082Y0-Lawson-PeriodSocStudies,Social Studies: Grade 8-40082Y0-Lawson-PeriodSocStudies,active,40082Y0
232,Social Studies: Kindergarten-40002Z0-Coleman-PeriodSocStudies,Social Studies: Kindergarten-40002Z0-Coleman-PeriodSocStudies,active,
232,Social Studies: Kindergarten-40002Z0-Coleman-PeriodSocStudies,Social Studies: Kindergarten-40002Z0-Coleman-PeriodSocStudies,active,
231,Social Studies: Kindergarten-40002Z0-Gist-PeriodSocStudies,Social Studies: Kindergarten-40002Z0-Gist-PeriodSocStudies,active,
231,Social Studies: Kindergarten-40002Z0-Gist-PeriodSocStudies,Social Studies: Kindergarten-40002Z0-Gist-PeriodSocStudies,active,
300,Social Studies: Kindergarten-4000AZ0-Harris-PeriodSocStudies,Social Studies: Kindergarten-4000AZ0-Harris-PeriodSocStudies,active,
300,Social Studies: Kindergarten-4000AZ0-Harris-PeriodSocStudies,Social Studies: Kindergarten-4000AZ0-Harris-PeriodSocStudies,active,
